Run name,Average_Reward
50000_model_deep_value_91,53.283607482910156
50000_model_deep_value_91,48.4244384765625
50000_model_deep_value_91,40.9375
50000_model_deep_value_91,47.7754898071289
50000_model_deep_value_91,50.30326461791992
50000_model_deep_value_ga_91,52.63048553466797
50000_model_deep_value_ga_91,49.05615997314453
50000_model_deep_value_ga_91,56.69282913208008
50000_model_deep_value_ga_91,54.10785675048828
50000_model_deep_value_ga_91,55.84276580810547